op_name,running time percentage
nn_conv2d,66.72999999999999
add,10.626000000000001
nn_relu,3.4949999999999997
multiply,8.791
negative,2.6649999999999996
sqrt,2.6679999999999997
divide,2.7689999999999997
