op_name,running time percentage
nn_conv2d,45.50100000000002
add,15.852000000000004
nn_relu,6.662999999999999
multiply,15.672000000000006
divide,4.704999999999999
sqrt,4.470000000000001
negative,4.4369999999999985
