op_name,running time percentage
nn_conv2d,61.601000000000006
add,12.826000000000016
multiply,10.525999999999918
nn_relu,4.129999999999996
divide,3.305999999999994
negative,3.174999999999999
sqrt,3.2179999999999946
